task,model,epoch,accuracy,loss,step
B1_v1,BERT,1,0.9321,0.3135571777820587,12500
B1_v1,BERT,2,0.9388,0.30484506487846375,25000
B1_v1,BERT,3,0.93685,0.3421688973903656,37500
B1_v1,BERT,4,0.93755,0.35452738404273987,50000
B1_v1,BERT,5,0.9355,0.4132057726383209,62500
