task,model,epoch,accuracy,loss,step
B1_v2,BERT,1,0.942,0.22203950583934784,12500
B1_v2,BERT,2,0.9464,0.24702368676662445,25000
B1_v2,BERT,3,0.9464,0.2851961851119995,37500
B1_v2,BERT,4,0.94515,0.3133998513221741,50000
B1_v2,BERT,5,0.9444,0.3570011556148529,62500
