task,model,epoch,accuracy,loss,step
B2_v2,DistilBERT,1,0.94015,0.22561997175216675,12500
B2_v2,DistilBERT,2,0.9442,0.23892216384410858,25000
B2_v2,DistilBERT,3,0.9463,0.26684853434562683,37500
B2_v2,DistilBERT,4,0.94485,0.29566171765327454,50000
B2_v2,DistilBERT,5,0.9422,0.3299465477466583,62500
