task,model,epoch,accuracy,loss,step
B3_v1,RoBERTa,1,0.6572,0.6994122266769409,12500
B3_v1,RoBERTa,2,0.25,1.388563632965088,25000
B3_v1,RoBERTa,3,0.48145,0.9969286918640137,37500
B3_v1,RoBERTa,4,0.4849,1.0961482524871826,50000
B3_v1,RoBERTa,5,0.6832,0.6592603921890259,62500
