task,model,epoch,accuracy,loss,step
B3_v2,RoBERTa,1,0.94305,0.2438562512397766,12500
B3_v2,RoBERTa,2,0.94665,0.24823763966560364,25000
B3_v2,RoBERTa,3,0.94815,0.28285253047943115,37500
B3_v2,RoBERTa,4,0.9485,0.30070003867149353,50000
B3_v2,RoBERTa,5,0.94825,0.3310041129589081,62500
