task,model,epoch,accuracy,loss,step
C1_v1,BERT,1,0.9107,0.32571080327033997,12500
C1_v1,BERT,2,0.9184,0.30220338702201843,25000
C1_v1,BERT,3,0.9246,0.286197304725647,37500
C1_v1,BERT,4,0.92485,0.2876410484313965,50000
C1_v1,BERT,5,0.92695,0.2786765694618225,62500
