task,model,epoch,accuracy,loss,step
C1_v2,BERT,1,0.88635,0.3702645003795624,12500
C1_v2,BERT,2,0.89915,0.3596470057964325,25000
C1_v2,BERT,3,0.90515,0.3436295986175537,37500
C1_v2,BERT,4,0.90645,0.33571597933769226,50000
C1_v2,BERT,5,0.90705,0.334152489900589,62500
