task,model,epoch,accuracy,loss,step
C2_v1,DistilBERT,1,0.92165,0.25139063596725464,12500
C2_v1,DistilBERT,2,0.9281,0.23938779532909393,25000
C2_v1,DistilBERT,3,0.93245,0.23128405213356018,37500
C2_v1,DistilBERT,4,0.9348,0.22356776893138885,50000
C2_v1,DistilBERT,5,0.9355,0.2225310355424881,62500
