task,model,epoch,accuracy,loss,step
C3_v1,RoBERTa,1,0.9242,0.24473097920417786,12500
C3_v1,RoBERTa,2,0.9309,0.24585244059562683,25000
C3_v1,RoBERTa,3,0.9342,0.23248091340065002,37500
C3_v1,RoBERTa,4,0.9356,0.2272123098373413,50000
C3_v1,RoBERTa,5,0.93705,0.22833141684532166,62500
