{"model": "bert_large_uncased_pt", "accuracy": 0.24592105263157896, "f1_score": 0.10745719160607349, "precision": 0.11552293140990746, "recall": 0.24592105263157893, "confusion_matrix": [[2, 0, 13, 1885], [16, 0, 112, 1772], [10, 0, 33, 1857], [4, 0, 62, 1834]]}