{
    "model": "bert_base_uncased_pt",
    "accuracy": 0.2517105263157895,
    "f1_score": 0.10583524839018646,
    "precision": 0.2012808327335335,
    "recall": 0.2517105263157895,
    "confusion_matrix": [
        [
            2,
            13,
            8,
            1877
        ],
        [
            13,
            18,
            2,
            1867
        ],
        [
            3,
            13,
            1,
            1883
        ],
        [
            3,
            5,
            0,
            1892
        ]
    ]
}