{
    "model": "bert_base_uncased_pt",
    "accuracy": 0.2475,
    "f1_score": 0.13931838546901693,
    "precision": 0.22720142266319843,
    "recall": 0.2475,
    "confusion_matrix": [
        [
            1703,
            9,
            121,
            67
        ],
        [
            1355,
            10,
            395,
            140
        ],
        [
            1695,
            6,
            76,
            123
        ],
        [
            1651,
            6,
            151,
            92
        ]
    ]
}