{
    "model": "camembert_base",
    "accuracy": 0.25157894736842107,
    "f1_score": 0.10392846920971885,
    "precision": 0.23426048727772864,
    "recall": 0.25157894736842107,
    "confusion_matrix": [
        [
            3,
            0,
            1867,
            30
        ],
        [
            3,
            0,
            1884,
            13
        ],
        [
            0,
            0,
            1899,
            1
        ],
        [
            0,
            0,
            1890,
            10
        ]
    ]
}