{
    "model": "distilbert_base_uncased_pt",
    "accuracy": 0.2563157894736842,
    "f1_score": 0.2057335450939537,
    "precision": 0.2530867154540335,
    "recall": 0.25631578947368416,
    "confusion_matrix": [
        [
            1208,
            512,
            133,
            47
        ],
        [
            1047,
            514,
            167,
            172
        ],
        [
            1277,
            367,
            128,
            128
        ],
        [
            1216,
            544,
            42,
            98
        ]
    ]
}