{
    "model": "distilbert_base_uncased_pt",
    "accuracy": 0.24526315789473685,
    "f1_score": 0.10363573351096286,
    "precision": 0.32796955977023096,
    "recall": 0.24526315789473685,
    "confusion_matrix": [
        [
            15,
            0,
            1885,
            0
        ],
        [
            90,
            1,
            1809,
            0
        ],
        [
            52,
            0,
            1848,
            0
        ],
        [
            91,
            0,
            1809,
            0
        ]
    ]
}