{"model": "NaiveBayes", "task": "A0", "evaluation_time": 0, "accuracy": 0.9018421052631579, "f1_score": 0.9015396110113952, "precision": 0.9015894690658142, "recall": 0.901842105263158, "confusion_matrix": [[1696, 58, 97, 49], [20, 1862, 6, 12], [72, 19, 1608, 201], [62, 17, 133, 1688]]}