{"model": "BERT", "task": "A1", "evaluation_time": 392.9072208404541, "accuracy": 0.21921052631578947, "f1_score": 0.14744866622275746, "precision": 0.14631384203092446, "recall": 0.21921052631578947, "confusion_matrix": [[1304, 378, 0, 218], [1464, 250, 0, 186], [1302, 521, 0, 77], [1317, 471, 0, 112]]}