{"model": "DistilBERT", "task": "A2", "evaluation_time": 198.18827438354492, "accuracy": 0.15513157894736843, "f1_score": 0.14125627559819448, "precision": 0.14681375690806198, "recall": 0.15513157894736843, "confusion_matrix": [[39, 636, 728, 497], [151, 224, 735, 790], [137, 716, 562, 485], [26, 1045, 475, 354]]}