{
    "model": "BERT",
    "task": "B1_v2",
    "evaluation_time": 377.95951104164124,
    "accuracy": 0.9394736842105263,
    "f1_score": 0.9392310585281476,
    "precision": 0.9399917532073956,
    "recall": 0.9394736842105262,
    "confusion_matrix": [
        [
            1813,
            15,
            33,
            39
        ],
        [
            9,
            1884,
            3,
            4
        ],
        [
            57,
            14,
            1659,
            170
        ],
        [
            39,
            14,
            63,
            1784
        ]
    ]
}