{"model": "BERT", "task": "B1_v1", "evaluation_time": 393.00443482398987, "accuracy": 0.9394736842105263, "f1_score": 0.939431680290137, "precision": 0.9397367427732888, "recall": 0.9394736842105263, "confusion_matrix": [[1781, 22, 60, 37], [8, 1877, 7, 8], [39, 11, 1700, 150], [30, 9, 79, 1782]]}