{
    "model": "BERT",
    "task": "B1_v1",
    "evaluation_time": 458.3114802837372,
    "accuracy": 0.93,
    "f1_score": 0.9299012730472026,
    "precision": 0.9314687044931327,
    "recall": 0.9299999999999999,
    "confusion_matrix": [
        [
            1757,
            29,
            49,
            65
        ],
        [
            7,
            1878,
            6,
            9
        ],
        [
            37,
            22,
            1642,
            199
        ],
        [
            26,
            18,
            65,
            1791
        ]
    ]
}