{"model": "BERT", "task": "B1_v2", "evaluation_time": 381.73143196105957, "accuracy": 0.940921052631579, "f1_score": 0.9407549004230359, "precision": 0.9416632819172118, "recall": 0.940921052631579, "confusion_matrix": [[1802, 24, 34, 40], [9, 1883, 4, 4], [44, 11, 1668, 177], [25, 16, 61, 1798]]}