{"model": "DistilBERT", "task": "B2_v2", "evaluation_time": 202.77657866477966, "accuracy": 0.9356578947368421, "f1_score": 0.9354603715027836, "precision": 0.9361772629058591, "recall": 0.9356578947368421, "confusion_matrix": [[1794, 24, 41, 41], [9, 1880, 8, 3], [52, 11, 1655, 182], [37, 12, 69, 1782]]}