{
    "model": "DistilBERT",
    "task": "B2_v1",
    "evaluation_time": 242.75218057632446,
    "accuracy": 0.9360526315789474,
    "f1_score": 0.9358281819493368,
    "precision": 0.9366291846214527,
    "recall": 0.9360526315789474,
    "confusion_matrix": [
        [
            1801,
            25,
            33,
            41
        ],
        [
            13,
            1878,
            6,
            3
        ],
        [
            53,
            14,
            1653,
            180
        ],
        [
            39,
            11,
            68,
            1782
        ]
    ]
}