{"model": "RoBERTa", "task": "B3_v2", "evaluation_time": 383.4867424964905, "accuracy": 0.9423684210526316, "f1_score": 0.942110866307797, "precision": 0.9434426478239228, "recall": 0.9423684210526315, "confusion_matrix": [[1814, 11, 32, 43], [9, 1885, 3, 3], [61, 13, 1648, 178], [28, 10, 47, 1815]]}