{
    "model": "RoBERTa",
    "task": "B3_v1",
    "evaluation_time": 380.7418096065521,
    "accuracy": 0.7888157894736842,
    "f1_score": 0.7877405649394515,
    "precision": 0.8505008297410839,
    "recall": 0.7888157894736841,
    "confusion_matrix": [
        [
            1400,
            59,
            390,
            51
        ],
        [
            12,
            1806,
            76,
            6
        ],
        [
            20,
            4,
            1847,
            29
        ],
        [
            40,
            10,
            908,
            942
        ]
    ]
}