{
    "model": "RoBERTa",
    "task": "B3_v2",
    "evaluation_time": 388.95501708984375,
    "accuracy": 0.9384210526315789,
    "f1_score": 0.9380770449131897,
    "precision": 0.9401833657003276,
    "recall": 0.9384210526315789,
    "confusion_matrix": [
        [
            1809,
            14,
            29,
            48
        ],
        [
            10,
            1884,
            3,
            3
        ],
        [
            70,
            12,
            1618,
            200
        ],
        [
            29,
            11,
            39,
            1821
        ]
    ]
}