{
    "model": "BERT",
    "task": "C1_v2",
    "evaluation_time": 395.81589579582214,
    "accuracy": 0.916578947368421,
    "f1_score": 0.9165430762574553,
    "precision": 0.9171124392059392,
    "recall": 0.916578947368421,
    "confusion_matrix": [
        [
            1698,
            52,
            83,
            67
        ],
        [
            14,
            1870,
            9,
            7
        ],
        [
            49,
            7,
            1666,
            178
        ],
        [
            38,
            7,
            123,
            1732
        ]
    ]
}