{"model": "BERT", "task": "C1_v1", "evaluation_time": 405.1524078845978, "accuracy": 0.9246052631578947, "f1_score": 0.9246104977316874, "precision": 0.9248168025189776, "recall": 0.9246052631578947, "confusion_matrix": [[1756, 34, 58, 52], [22, 1863, 4, 11], [51, 4, 1677, 168], [45, 7, 117, 1731]]}