{"model": "BERT", "task": "C1_v2", "evaluation_time": 420.38569927215576, "accuracy": 0.9042105263157895, "f1_score": 0.9041083788554176, "precision": 0.9051208218102256, "recall": 0.9042105263157896, "confusion_matrix": [[1655, 66, 114, 65], [20, 1864, 7, 9], [47, 11, 1632, 210], [35, 13, 131, 1721]]}