{
    "model": "BERT",
    "task": "C1_v2",
    "evaluation_time": 486.93289399147034,
    "accuracy": 0.9169736842105263,
    "f1_score": 0.9169423269194517,
    "precision": 0.9175298119015646,
    "recall": 0.9169736842105263,
    "confusion_matrix": [
        [
            1700,
            50,
            83,
            67
        ],
        [
            14,
            1870,
            9,
            7
        ],
        [
            49,
            7,
            1664,
            180
        ],
        [
            38,
            7,
            120,
            1735
        ]
    ]
}