{
    "model": "BERT",
    "task": "C1_v1",
    "evaluation_time": 398.24059534072876,
    "accuracy": 0.9319736842105263,
    "f1_score": 0.9319078186780517,
    "precision": 0.9318575661484929,
    "recall": 0.9319736842105264,
    "confusion_matrix": [
        [
            1781,
            21,
            55,
            43
        ],
        [
            17,
            1875,
            6,
            2
        ],
        [
            58,
            7,
            1700,
            135
        ],
        [
            42,
            9,
            122,
            1727
        ]
    ]
}