{
    "model": "BERT",
    "task": "C1_v1",
    "evaluation_time": 407.2276248931885,
    "accuracy": 0.9319736842105263,
    "f1_score": 0.9319167083040996,
    "precision": 0.9318783117666323,
    "recall": 0.9319736842105263,
    "confusion_matrix": [
        [
            1780,
            21,
            54,
            45
        ],
        [
            17,
            1875,
            6,
            2
        ],
        [
            57,
            7,
            1700,
            136
        ],
        [
            42,
            8,
            122,
            1728
        ]
    ]
}