{
    "model": "DistilBERT",
    "task": "C2_v1",
    "evaluation_time": 206.5145754814148,
    "accuracy": 0.9351315789473684,
    "f1_score": 0.9350679974734342,
    "precision": 0.9353896989341871,
    "recall": 0.9351315789473684,
    "confusion_matrix": [
        [
            1787,
            22,
            47,
            44
        ],
        [
            8,
            1875,
            10,
            7
        ],
        [
            50,
            7,
            1680,
            163
        ],
        [
            36,
            10,
            89,
            1765
        ]
    ]
}