{
    "model": "DistilBERT",
    "task": "C2_v1",
    "evaluation_time": 215.15984296798706,
    "accuracy": 0.9351315789473684,
    "f1_score": 0.9350747311435079,
    "precision": 0.9353750526682849,
    "recall": 0.9351315789473684,
    "confusion_matrix": [
        [
            1786,
            22,
            47,
            45
        ],
        [
            8,
            1875,
            10,
            7
        ],
        [
            49,
            7,
            1683,
            161
        ],
        [
            38,
            10,
            89,
            1763
        ]
    ]
}