{
    "model": "DistilBERT",
    "task": "C2_v2",
    "evaluation_time": 206.46085953712463,
    "accuracy": 0.9246052631578947,
    "f1_score": 0.9244992940899512,
    "precision": 0.924708852588509,
    "recall": 0.9246052631578947,
    "confusion_matrix": [
        [
            1739,
            41,
            69,
            51
        ],
        [
            16,
            1873,
            8,
            3
        ],
        [
            49,
            10,
            1672,
            169
        ],
        [
            47,
            7,
            103,
            1743
        ]
    ]
}