{"model": "DistilBERT", "task": "C2_v1", "evaluation_time": 212.19804000854492, "accuracy": 0.9319736842105263, "f1_score": 0.9319346311726942, "precision": 0.9321555004817832, "recall": 0.9319736842105264, "confusion_matrix": [[1764, 32, 56, 48], [12, 1874, 9, 5], [44, 7, 1691, 158], [41, 7, 98, 1754]]}