{
    "model": "DistilBERT",
    "task": "C2_v2",
    "evaluation_time": 248.15174651145935,
    "accuracy": 0.9243421052631579,
    "f1_score": 0.9242244206840661,
    "precision": 0.9244255712273679,
    "recall": 0.924342105263158,
    "confusion_matrix": [
        [
            1739,
            41,
            69,
            51
        ],
        [
            16,
            1873,
            8,
            3
        ],
        [
            49,
            11,
            1671,
            169
        ],
        [
            48,
            8,
            102,
            1742
        ]
    ]
}