{
    "model": "RoBERTa",
    "task": "C3_v2",
    "evaluation_time": 401.4905068874359,
    "accuracy": 0.9276315789473685,
    "f1_score": 0.9274638813769702,
    "precision": 0.9277613206170666,
    "recall": 0.9276315789473684,
    "confusion_matrix": [
        [
            1759,
            41,
            50,
            50
        ],
        [
            12,
            1877,
            7,
            4
        ],
        [
            55,
            11,
            1663,
            171
        ],
        [
            42,
            8,
            99,
            1751
        ]
    ]
}