{
    "model": "RoBERTa",
    "task": "C3_v1",
    "evaluation_time": 480.6929466724396,
    "accuracy": 0.9397368421052632,
    "f1_score": 0.9396493032136535,
    "precision": 0.9397140316499981,
    "recall": 0.9397368421052632,
    "confusion_matrix": [
        [
            1798,
            20,
            47,
            35
        ],
        [
            9,
            1878,
            9,
            4
        ],
        [
            47,
            11,
            1702,
            140
        ],
        [
            38,
            7,
            91,
            1764
        ]
    ]
}