{
    "model": "RoBERTa",
    "task": "C3_v1",
    "evaluation_time": 402.5090968608856,
    "accuracy": 0.9403947368421053,
    "f1_score": 0.9403139508569587,
    "precision": 0.9403991870167483,
    "recall": 0.9403947368421054,
    "confusion_matrix": [
        [
            1799,
            19,
            47,
            35
        ],
        [
            8,
            1879,
            9,
            4
        ],
        [
            46,
            11,
            1702,
            141
        ],
        [
            35,
            7,
            91,
            1767
        ]
    ]
}