{"model": "RoBERTa", "task": "C3_v1", "evaluation_time": 412.70484590530396, "accuracy": 0.9325, "f1_score": 0.9324449484981219, "precision": 0.9325510824382708, "recall": 0.9325, "confusion_matrix": [[1774, 24, 56, 46], [9, 1879, 7, 5], [47, 11, 1690, 152], [37, 8, 111, 1744]]}