{
    "model": "RoBERTa",
    "task": "C3_v2",
    "evaluation_time": 482.23894333839417,
    "accuracy": 0.9280263157894737,
    "f1_score": 0.9278539983154784,
    "precision": 0.9281632978888599,
    "recall": 0.9280263157894737,
    "confusion_matrix": [
        [
            1758,
            42,
            50,
            50
        ],
        [
            11,
            1878,
            7,
            4
        ],
        [
            55,
            11,
            1664,
            170
        ],
        [
            41,
            8,
            98,
            1753
        ]
    ]
}