{
    "model": "BERT",
    "task": "D1_v2",
    "evaluation_time": 465.34216690063477,
    "accuracy": 0.9140789473684211,
    "f1_score": 0.9138943008374407,
    "precision": 0.9140182298899336,
    "recall": 0.914078947368421,
    "confusion_matrix": [
        [
            1717,
            51,
            78,
            54
        ],
        [
            21,
            1864,
            14,
            1
        ],
        [
            62,
            13,
            1643,
            182
        ],
        [
            54,
            10,
            113,
            1723
        ]
    ]
}