{
    "model": "BERT",
    "task": "D1_v2",
    "evaluation_time": 396.654513835907,
    "accuracy": 0.9146052631578947,
    "f1_score": 0.9144247613721155,
    "precision": 0.9145557511170395,
    "recall": 0.9146052631578947,
    "confusion_matrix": [
        [
            1717,
            51,
            79,
            53
        ],
        [
            21,
            1864,
            14,
            1
        ],
        [
            62,
            12,
            1644,
            182
        ],
        [
            55,
            9,
            110,
            1726
        ]
    ]
}