{
    "model": "BERT",
    "task": "D1_v1",
    "evaluation_time": 408.8250939846039,
    "accuracy": 0.9344736842105263,
    "f1_score": 0.9344201245176822,
    "precision": 0.9348558822216312,
    "recall": 0.9344736842105263,
    "confusion_matrix": [
        [
            1781,
            20,
            48,
            51
        ],
        [
            13,
            1872,
            10,
            5
        ],
        [
            55,
            7,
            1675,
            163
        ],
        [
            31,
            9,
            86,
            1774
        ]
    ]
}