{
    "model": "BERT",
    "task": "D1_v1",
    "evaluation_time": 396.22978496551514,
    "accuracy": 0.9332894736842106,
    "f1_score": 0.9332506650002115,
    "precision": 0.9337105389514189,
    "recall": 0.9332894736842104,
    "confusion_matrix": [
        [
            1774,
            21,
            50,
            55
        ],
        [
            14,
            1871,
            10,
            5
        ],
        [
            55,
            7,
            1675,
            163
        ],
        [
            31,
            9,
            87,
            1773
        ]
    ]
}