{
    "model": "DistilBERT",
    "task": "D2_v1",
    "evaluation_time": 212.91976380348206,
    "accuracy": 0.9365789473684211,
    "f1_score": 0.936504390989071,
    "precision": 0.9367290959199109,
    "recall": 0.9365789473684211,
    "confusion_matrix": [
        [
            1797,
            17,
            46,
            40
        ],
        [
            13,
            1873,
            8,
            6
        ],
        [
            51,
            9,
            1684,
            156
        ],
        [
            36,
            9,
            91,
            1764
        ]
    ]
}