{
    "model": "DistilBERT",
    "task": "D2_v1",
    "evaluation_time": 206.44727993011475,
    "accuracy": 0.935921052631579,
    "f1_score": 0.9358307045157781,
    "precision": 0.9360078109630102,
    "recall": 0.935921052631579,
    "confusion_matrix": [
        [
            1794,
            18,
            49,
            39
        ],
        [
            14,
            1873,
            8,
            5
        ],
        [
            53,
            10,
            1683,
            154
        ],
        [
            36,
            9,
            92,
            1763
        ]
    ]
}