{
    "model": "DistilBERT",
    "task": "D2_v2",
    "evaluation_time": 207.13996529579163,
    "accuracy": 0.9192105263157895,
    "f1_score": 0.9190519386386998,
    "precision": 0.9192800499371647,
    "recall": 0.9192105263157895,
    "confusion_matrix": [
        [
            1714,
            52,
            86,
            48
        ],
        [
            12,
            1874,
            8,
            6
        ],
        [
            55,
            11,
            1665,
            169
        ],
        [
            43,
            11,
            113,
            1733
        ]
    ]
}