{
    "model": "DistilBERT",
    "task": "D2_v2",
    "evaluation_time": 246.33251237869263,
    "accuracy": 0.9186842105263158,
    "f1_score": 0.9185443288513291,
    "precision": 0.9188014850151697,
    "recall": 0.9186842105263158,
    "confusion_matrix": [
        [
            1712,
            51,
            87,
            50
        ],
        [
            13,
            1872,
            9,
            6
        ],
        [
            55,
            10,
            1664,
            171
        ],
        [
            43,
            11,
            112,
            1734
        ]
    ]
}