{
    "model": "RoBERTa",
    "task": "D3_v2",
    "evaluation_time": 410.1561541557312,
    "accuracy": 0.9282894736842106,
    "f1_score": 0.9281931908927588,
    "precision": 0.9284362224140479,
    "recall": 0.9282894736842104,
    "confusion_matrix": [
        [
            1762,
            35,
            54,
            49
        ],
        [
            14,
            1875,
            5,
            6
        ],
        [
            50,
            9,
            1672,
            169
        ],
        [
            41,
            8,
            105,
            1746
        ]
    ]
}