{
    "model": "RoBERTa",
    "task": "D3_v2",
    "evaluation_time": 402.97627997398376,
    "accuracy": 0.9268421052631579,
    "f1_score": 0.9267532788191286,
    "precision": 0.9269730241717545,
    "recall": 0.9268421052631579,
    "confusion_matrix": [
        [
            1762,
            35,
            55,
            48
        ],
        [
            14,
            1872,
            8,
            6
        ],
        [
            49,
            10,
            1669,
            172
        ],
        [
            42,
            9,
            108,
            1741
        ]
    ]
}