{
    "model": "RoBERTa",
    "task": "D3_v1",
    "evaluation_time": 402.26634407043457,
    "accuracy": 0.940921052631579,
    "f1_score": 0.9408517963084128,
    "precision": 0.9411463134830145,
    "recall": 0.940921052631579,
    "confusion_matrix": [
        [
            1798,
            20,
            42,
            40
        ],
        [
            10,
            1879,
            8,
            3
        ],
        [
            46,
            6,
            1695,
            153
        ],
        [
            32,
            8,
            81,
            1779
        ]
    ]
}