{
    "model": "RoBERTa",
    "task": "D3_v1",
    "evaluation_time": 474.60480093955994,
    "accuracy": 0.9402631578947368,
    "f1_score": 0.9402141520587888,
    "precision": 0.9404800223972307,
    "recall": 0.9402631578947369,
    "confusion_matrix": [
        [
            1793,
            23,
            44,
            40
        ],
        [
            10,
            1878,
            9,
            3
        ],
        [
            42,
            6,
            1699,
            153
        ],
        [
            33,
            7,
            84,
            1776
        ]
    ]
}