{
    "model": "BERT",
    "task": "E1_v2",
    "evaluation_time": 464.0064527988434,
    "accuracy": 0.9253947368421053,
    "f1_score": 0.9253073273412696,
    "precision": 0.9253800365164655,
    "recall": 0.9253947368421053,
    "confusion_matrix": [
        [
            1761,
            32,
            55,
            52
        ],
        [
            20,
            1866,
            12,
            2
        ],
        [
            62,
            10,
            1670,
            158
        ],
        [
            43,
            7,
            114,
            1736
        ]
    ]
}