{
    "model": "BERT",
    "task": "E1_v1",
    "evaluation_time": 478.9219448566437,
    "accuracy": 0.9384210526315789,
    "f1_score": 0.9383935451891909,
    "precision": 0.9387557910490956,
    "recall": 0.938421052631579,
    "confusion_matrix": [
        [
            1783,
            20,
            52,
            45
        ],
        [
            14,
            1873,
            8,
            5
        ],
        [
            40,
            10,
            1696,
            154
        ],
        [
            30,
            10,
            80,
            1780
        ]
    ]
}