{
    "model": "BERT",
    "task": "E1_v1",
    "evaluation_time": 396.2963032722473,
    "accuracy": 0.9386842105263158,
    "f1_score": 0.9386491479393446,
    "precision": 0.9390220499185802,
    "recall": 0.9386842105263158,
    "confusion_matrix": [
        [
            1785,
            19,
            52,
            44
        ],
        [
            15,
            1872,
            8,
            5
        ],
        [
            41,
            11,
            1694,
            154
        ],
        [
            28,
            10,
            79,
            1783
        ]
    ]
}