{
    "model": "BERT",
    "task": "E1_v2",
    "evaluation_time": 397.40611577033997,
    "accuracy": 0.9246052631578947,
    "f1_score": 0.9245235781050589,
    "precision": 0.9245918517722981,
    "recall": 0.9246052631578947,
    "confusion_matrix": [
        [
            1758,
            33,
            55,
            54
        ],
        [
            20,
            1865,
            13,
            2
        ],
        [
            63,
            10,
            1670,
            157
        ],
        [
            43,
            7,
            116,
            1734
        ]
    ]
}