{
    "model": "DistilBERT",
    "task": "E2_v1",
    "evaluation_time": 206.61162543296814,
    "accuracy": 0.934078947368421,
    "f1_score": 0.9341040445040469,
    "precision": 0.9343630648911775,
    "recall": 0.9340789473684211,
    "confusion_matrix": [
        [
            1773,
            22,
            59,
            46
        ],
        [
            11,
            1870,
            13,
            6
        ],
        [
            39,
            10,
            1697,
            154
        ],
        [
            32,
            10,
            99,
            1759
        ]
    ]
}