{
    "model": "DistilBERT",
    "task": "E2_v1",
    "evaluation_time": 236.76620411872864,
    "accuracy": 0.9346052631578947,
    "f1_score": 0.9346411557482759,
    "precision": 0.9349278119764741,
    "recall": 0.9346052631578947,
    "confusion_matrix": [
        [
            1771,
            22,
            58,
            49
        ],
        [
            11,
            1870,
            13,
            6
        ],
        [
            38,
            10,
            1701,
            151
        ],
        [
            31,
            10,
            98,
            1761
        ]
    ]
}