{
    "model": "DistilBERT",
    "task": "E2_v2",
    "evaluation_time": 246.36482334136963,
    "accuracy": 0.929078947368421,
    "f1_score": 0.9289723841172007,
    "precision": 0.9290780930340408,
    "recall": 0.929078947368421,
    "confusion_matrix": [
        [
            1757,
            34,
            62,
            47
        ],
        [
            12,
            1877,
            8,
            3
        ],
        [
            49,
            11,
            1683,
            157
        ],
        [
            47,
            7,
            102,
            1744
        ]
    ]
}