{
    "model": "DistilBERT",
    "task": "E2_v2",
    "evaluation_time": 206.79929661750793,
    "accuracy": 0.9293421052631579,
    "f1_score": 0.9292341008824917,
    "precision": 0.9293543974493547,
    "recall": 0.9293421052631579,
    "confusion_matrix": [
        [
            1757,
            34,
            62,
            47
        ],
        [
            12,
            1877,
            8,
            3
        ],
        [
            49,
            11,
            1683,
            157
        ],
        [
            45,
            8,
            101,
            1746
        ]
    ]
}