{
    "model": "RoBERTa",
    "task": "E3_v2",
    "evaluation_time": 403.2150299549103,
    "accuracy": 0.9297368421052632,
    "f1_score": 0.9296330269181743,
    "precision": 0.9299216256276767,
    "recall": 0.9297368421052632,
    "confusion_matrix": [
        [
            1767,
            34,
            51,
            48
        ],
        [
            11,
            1873,
            10,
            6
        ],
        [
            53,
            10,
            1670,
            167
        ],
        [
            42,
            6,
            96,
            1756
        ]
    ]
}