{
    "model": "RoBERTa",
    "task": "E3_v1",
    "evaluation_time": 402.65984535217285,
    "accuracy": 0.9414473684210526,
    "f1_score": 0.9414000324810625,
    "precision": 0.9415550173462026,
    "recall": 0.9414473684210527,
    "confusion_matrix": [
        [
            1801,
            14,
            46,
            39
        ],
        [
            8,
            1880,
            10,
            2
        ],
        [
            42,
            10,
            1703,
            145
        ],
        [
            37,
            5,
            87,
            1771
        ]
    ]
}