{
    "model": "RoBERTa",
    "task": "E3_v2",
    "evaluation_time": 457.55903339385986,
    "accuracy": 0.9293421052631579,
    "f1_score": 0.9292414925157401,
    "precision": 0.9295021650322038,
    "recall": 0.9293421052631579,
    "confusion_matrix": [
        [
            1768,
            33,
            51,
            48
        ],
        [
            11,
            1873,
            11,
            5
        ],
        [
            53,
            10,
            1669,
            168
        ],
        [
            42,
            6,
            99,
            1753
        ]
    ]
}