{
    "model": "RoBERTa",
    "task": "E3_v1",
    "evaluation_time": 467.1914653778076,
    "accuracy": 0.9415789473684211,
    "f1_score": 0.9415314358415011,
    "precision": 0.9416751705503064,
    "recall": 0.9415789473684211,
    "confusion_matrix": [
        [
            1802,
            14,
            46,
            38
        ],
        [
            8,
            1880,
            10,
            2
        ],
        [
            41,
            10,
            1704,
            145
        ],
        [
            38,
            5,
            87,
            1770
        ]
    ]
}