{
    "model": "BERT",
    "task": "F1_v2",
    "evaluation_time": 458.01114153862,
    "accuracy": 0.9234210526315789,
    "f1_score": 0.9233092678463087,
    "precision": 0.9235715493455595,
    "recall": 0.9234210526315789,
    "confusion_matrix": [
        [
            1770,
            29,
            56,
            45
        ],
        [
            23,
            1861,
            11,
            5
        ],
        [
            56,
            10,
            1651,
            183
        ],
        [
            56,
            10,
            98,
            1736
        ]
    ]
}