{
    "model": "BERT",
    "task": "F1_v1",
    "evaluation_time": 471.6020259857178,
    "accuracy": 0.9363157894736842,
    "f1_score": 0.9362344791055935,
    "precision": 0.9364295483904101,
    "recall": 0.9363157894736842,
    "confusion_matrix": [
        [
            1789,
            21,
            49,
            41
        ],
        [
            12,
            1874,
            8,
            6
        ],
        [
            45,
            15,
            1688,
            152
        ],
        [
            33,
            9,
            93,
            1765
        ]
    ]
}