{
    "model": "DistilBERT",
    "task": "F2_v2",
    "evaluation_time": 213.53001308441162,
    "accuracy": 0.9238157894736843,
    "f1_score": 0.9237544335505786,
    "precision": 0.9238705966912711,
    "recall": 0.9238157894736841,
    "confusion_matrix": [
        [
            1742,
            31,
            78,
            49
        ],
        [
            15,
            1870,
            10,
            5
        ],
        [
            56,
            10,
            1672,
            162
        ],
        [
            49,
            7,
            107,
            1737
        ]
    ]
}