{
    "model": "DistilBERT",
    "task": "F2_v1",
    "evaluation_time": 212.1809754371643,
    "accuracy": 0.9381578947368421,
    "f1_score": 0.938099276773494,
    "precision": 0.9382944247796084,
    "recall": 0.9381578947368421,
    "confusion_matrix": [
        [
            1797,
            18,
            46,
            39
        ],
        [
            10,
            1875,
            9,
            6
        ],
        [
            43,
            10,
            1694,
            153
        ],
        [
            37,
            10,
            89,
            1764
        ]
    ]
}