{
    "model": "RoBERTa",
    "task": "F3_v1",
    "evaluation_time": 412.04418444633484,
    "accuracy": 0.9423684210526316,
    "f1_score": 0.9422673709131177,
    "precision": 0.9424493773095394,
    "recall": 0.9423684210526316,
    "confusion_matrix": [
        [
            1811,
            13,
            41,
            35
        ],
        [
            11,
            1878,
            9,
            2
        ],
        [
            50,
            8,
            1699,
            143
        ],
        [
            41,
            9,
            76,
            1774
        ]
    ]
}