{
    "model": "RoBERTa",
    "task": "F3_v2",
    "evaluation_time": 486.0856411457062,
    "accuracy": 0.9286842105263158,
    "f1_score": 0.9285606992679659,
    "precision": 0.9288944895863224,
    "recall": 0.9286842105263158,
    "confusion_matrix": [
        [
            1769,
            32,
            50,
            49
        ],
        [
            15,
            1870,
            9,
            6
        ],
        [
            54,
            12,
            1664,
            170
        ],
        [
            46,
            8,
            91,
            1755
        ]
    ]
}