{
    "model": "bert_base_uncased_ft_c_v2",
    "evaluation_time": 393.2033882141113,
    "accuracy": 0.9039473684210526,
    "f1_score": 0.9038542986551991,
    "precision": 0.9048581823958213,
    "recall": 0.9039473684210526,
    "confusion_matrix": [
        [
            1654,
            66,
            114,
            66
        ],
        [
            20,
            1864,
            7,
            9
        ],
        [
            47,
            11,
            1634,
            208
        ],
        [
            35,
            13,
            134,
            1718
        ]
    ]
}