{
    "model": "bert_base_uncased_ft_d_v1",
    "evaluation_time": 409.65334916114807,
    "accuracy": 0.9265789473684211,
    "f1_score": 0.9264389501346063,
    "precision": 0.9265431283921635,
    "recall": 0.9265789473684211,
    "confusion_matrix": [
        [
            1771,
            29,
            55,
            45
        ],
        [
            18,
            1867,
            13,
            2
        ],
        [
            66,
            11,
            1660,
            163
        ],
        [
            44,
            8,
            104,
            1744
        ]
    ]
}