{
    "model": "bert_base_uncased_ft_e_v1",
    "evaluation_time": 486.1297378540039,
    "accuracy": 0.9310526315789474,
    "f1_score": 0.931136461541508,
    "precision": 0.9313806921212772,
    "recall": 0.9310526315789474,
    "confusion_matrix": [
        [
            1752,
            23,
            69,
            56
        ],
        [
            20,
            1865,
            9,
            6
        ],
        [
            42,
            8,
            1715,
            135
        ],
        [
            30,
            9,
            117,
            1744
        ]
    ]
}