{
    "model": "bert_base_uncased_pt",
    "evaluation_time": 405.9388301372528,
    "accuracy": 0.24828947368421053,
    "f1_score": 0.10423196892065159,
    "precision": 0.1661191902921506,
    "recall": 0.24828947368421053,
    "confusion_matrix": [
        [
            14,
            1882,
            3,
            1
        ],
        [
            21,
            1868,
            9,
            2
        ],
        [
            22,
            1873,
            5,
            0
        ],
        [
            22,
            1874,
            4,
            0
        ]
    ]
}