{"model": "bert_base_uncased_ft_c_v1", "accuracy": 0.9253947368421053, "f1_score": 0.9253885088822448, "precision": 0.925557492740595, "recall": 0.9253947368421054, "confusion_matrix": [[1756, 35, 59, 50], [22, 1864, 5, 9], [51, 4, 1680, 165], [43, 7, 117, 1733]]}