{
    "model": "bert_base_uncased_ft_d_v2",
    "evaluation_time": 427.2251057624817,
    "accuracy": 0.900921052631579,
    "f1_score": 0.90069451101212,
    "precision": 0.9010789612292626,
    "recall": 0.9009210526315788,
    "confusion_matrix": [
        [
            1679,
            63,
            103,
            55
        ],
        [
            11,
            1873,
            13,
            3
        ],
        [
            72,
            12,
            1596,
            220
        ],
        [
            43,
            7,
            151,
            1699
        ]
    ]
}