{
    "model": "bert_base_uncased_ft_e_v2",
    "evaluation_time": 487.11630606651306,
    "accuracy": 0.9134210526315789,
    "f1_score": 0.9132459129545609,
    "precision": 0.9133692233494229,
    "recall": 0.9134210526315789,
    "confusion_matrix": [
        [
            1709,
            59,
            81,
            51
        ],
        [
            20,
            1870,
            7,
            3
        ],
        [
            60,
            7,
            1651,
            182
        ],
        [
            48,
            10,
            130,
            1712
        ]
    ]
}