{
    "model": "bert_base_uncased_ft_b_v2",
    "evaluation_time": 383.0880012512207,
    "accuracy": 0.940921052631579,
    "f1_score": 0.9407549004230359,
    "precision": 0.9416632819172118,
    "recall": 0.940921052631579,
    "confusion_matrix": [
        [
            1802,
            24,
            34,
            40
        ],
        [
            9,
            1883,
            4,
            4
        ],
        [
            44,
            11,
            1668,
            177
        ],
        [
            25,
            16,
            61,
            1798
        ]
    ]
}