{"model": "distilbert_base_uncased_ft_b_v1", "accuracy": 0.9343421052631579, "f1_score": 0.9343101573014061, "precision": 0.9349567366570061, "recall": 0.9343421052631579, "confusion_matrix": [[1764, 30, 50, 56], [6, 1879, 9, 6], [41, 11, 1681, 167], [23, 11, 89, 1777]]}