{
    "model": "distilbert_base_uncased_ft_e_v1",
    "evaluation_time": 260.83048152923584,
    "accuracy": 0.9331578947368421,
    "f1_score": 0.9331504592600517,
    "precision": 0.9333062736751989,
    "recall": 0.9331578947368422,
    "confusion_matrix": [
        [
            1776,
            24,
            54,
            46
        ],
        [
            10,
            1873,
            10,
            7
        ],
        [
            41,
            11,
            1696,
            152
        ],
        [
            39,
            7,
            107,
            1747
        ]
    ]
}