{
    "model": "distilbert_base_uncased_ft_e_v2",
    "evaluation_time": 258.78794407844543,
    "accuracy": 0.9171052631578948,
    "f1_score": 0.9169981013570473,
    "precision": 0.9173578046823714,
    "recall": 0.9171052631578946,
    "confusion_matrix": [
        [
            1708,
            48,
            87,
            57
        ],
        [
            16,
            1871,
            9,
            4
        ],
        [
            51,
            10,
            1657,
            182
        ],
        [
            46,
            8,
            112,
            1734
        ]
    ]
}