{
    "model": "distilbert_base_uncased_ft_d_v1",
    "evaluation_time": 207.87902784347534,
    "accuracy": 0.9314473684210526,
    "f1_score": 0.9314047822318879,
    "precision": 0.9314859398530462,
    "recall": 0.9314473684210527,
    "confusion_matrix": [
        [
            1779,
            20,
            56,
            45
        ],
        [
            13,
            1871,
            11,
            5
        ],
        [
            53,
            9,
            1686,
            152
        ],
        [
            42,
            9,
            106,
            1743
        ]
    ]
}