{
    "model": "distilbert_base_uncased_ft_b_v2",
    "evaluation_time": 204.40645742416382,
    "accuracy": 0.9356578947368421,
    "f1_score": 0.9354603715027836,
    "precision": 0.9361772629058591,
    "recall": 0.9356578947368421,
    "confusion_matrix": [
        [
            1794,
            24,
            41,
            41
        ],
        [
            9,
            1880,
            8,
            3
        ],
        [
            52,
            11,
            1655,
            182
        ],
        [
            37,
            12,
            69,
            1782
        ]
    ]
}