{
    "model": "distilbert_base_uncased_ft_c_v2",
    "evaluation_time": 207.2672460079193,
    "accuracy": 0.9146052631578947,
    "f1_score": 0.9145488352268282,
    "precision": 0.9150166274113634,
    "recall": 0.9146052631578947,
    "confusion_matrix": [
        [
            1695,
            53,
            97,
            55
        ],
        [
            13,
            1871,
            12,
            4
        ],
        [
            45,
            7,
            1660,
            188
        ],
        [
            49,
            6,
            120,
            1725
        ]
    ]
}