{
    "model": "distilbert_base_uncased_pt",
    "evaluation_time": 201.27951788902283,
    "accuracy": 0.24447368421052632,
    "f1_score": 0.10786756527752256,
    "precision": 0.2089218154080854,
    "recall": 0.24447368421052632,
    "confusion_matrix": [
        [
            21,
            0,
            0,
            1879
        ],
        [
            322,
            8,
            0,
            1570
        ],
        [
            47,
            6,
            0,
            1847
        ],
        [
            70,
            1,
            0,
            1829
        ]
    ]
}