{
    "model": "distilbert_base_uncased_ft_d_v2",
    "evaluation_time": 213.27135229110718,
    "accuracy": 0.9111842105263158,
    "f1_score": 0.911012422439139,
    "precision": 0.9116662183977431,
    "recall": 0.9111842105263157,
    "confusion_matrix": [
        [
            1679,
            63,
            108,
            50
        ],
        [
            11,
            1876,
            9,
            4
        ],
        [
            46,
            11,
            1640,
            203
        ],
        [
            45,
            7,
            118,
            1730
        ]
    ]
}