{
    "model": "distilbert_base_uncased_ft_c_v1",
    "accuracy": 0.9319736842105263,
    "f1_score": 0.9319331072264183,
    "precision": 0.9321525186115542,
    "recall": 0.9319736842105263,
    "confusion_matrix": [
        [
            1764,
            32,
            56,
            48
        ],
        [
            12,
            1873,
            10,
            5
        ],
        [
            45,
            7,
            1691,
            157
        ],
        [
            40,
            8,
            97,
            1755
        ]
    ]
}