{
    "model": "roberta_base_ft_b_v1",
    "evaluation_time": 389.44752955436707,
    "accuracy": 0.6771052631578948,
    "f1_score": 0.5995734310596176,
    "precision": 0.6808752783473079,
    "recall": 0.6771052631578948,
    "confusion_matrix": [
        [
            1701,
            72,
            127,
            0
        ],
        [
            21,
            1857,
            22,
            0
        ],
        [
            282,
            30,
            1585,
            3
        ],
        [
            1688,
            16,
            193,
            3
        ]
    ]
}