{
    "model": "roberta_base_ft_c_v1",
    "evaluation_time": 410.915896654129,
    "accuracy": 0.9321052631578948,
    "f1_score": 0.9320457141289036,
    "precision": 0.9321422811548867,
    "recall": 0.9321052631578948,
    "confusion_matrix": [
        [
            1774,
            24,
            57,
            45
        ],
        [
            9,
            1879,
            7,
            5
        ],
        [
            48,
            11,
            1688,
            153
        ],
        [
            37,
            8,
            112,
            1743
        ]
    ]
}