{
    "model": "roberta_base_ft_d_v2",
    "evaluation_time": 399.7742700576782,
    "accuracy": 0.9155263157894736,
    "f1_score": 0.9153478700767138,
    "precision": 0.9157704696335737,
    "recall": 0.9155263157894736,
    "confusion_matrix": [
        [
            1708,
            59,
            76,
            57
        ],
        [
            11,
            1875,
            8,
            6
        ],
        [
            56,
            8,
            1645,
            191
        ],
        [
            45,
            9,
            116,
            1730
        ]
    ]
}