{
    "model": "roberta_base_ft_c_v2",
    "evaluation_time": 400.37214398384094,
    "accuracy": 0.9167105263157894,
    "f1_score": 0.9165355170267855,
    "precision": 0.9169290990240476,
    "recall": 0.9167105263157894,
    "confusion_matrix": [
        [
            1700,
            57,
            82,
            61
        ],
        [
            12,
            1875,
            7,
            6
        ],
        [
            59,
            9,
            1656,
            176
        ],
        [
            42,
            8,
            114,
            1736
        ]
    ]
}