{"model": "roberta_base_ft_b_v1", "accuracy": 0.4255263157894737, "f1_score": 0.31851729093630887, "precision": 0.311532615211304, "recall": 0.42552631578947364, "confusion_matrix": [[0, 1874, 0, 26], [0, 1898, 0, 2], [0, 1841, 0, 59], [0, 564, 0, 1336]]}