{
    "model": "roberta_base_ft_d_v1",
    "evaluation_time": 399.46792340278625,
    "accuracy": 0.9336842105263158,
    "f1_score": 0.9335999543185584,
    "precision": 0.9338440570956763,
    "recall": 0.9336842105263158,
    "confusion_matrix": [
        [
            1775,
            32,
            50,
            43
        ],
        [
            12,
            1873,
            10,
            5
        ],
        [
            49,
            8,
            1684,
            159
        ],
        [
            39,
            7,
            90,
            1764
        ]
    ]
}