{
    "model": "roberta_base_ft_e_v2",
    "evaluation_time": 489.44279956817627,
    "accuracy": 0.9232894736842105,
    "f1_score": 0.9230814269149081,
    "precision": 0.9235036937306219,
    "recall": 0.9232894736842105,
    "confusion_matrix": [
        [
            1722,
            53,
            68,
            57
        ],
        [
            11,
            1878,
            6,
            5
        ],
        [
            61,
            9,
            1659,
            171
        ],
        [
            40,
            7,
            95,
            1758
        ]
    ]
}