{
    "model": "roberta_base_ft_e_v1",
    "evaluation_time": 485.2402424812317,
    "accuracy": 0.9338157894736843,
    "f1_score": 0.9337471883817182,
    "precision": 0.9338198951374126,
    "recall": 0.9338157894736843,
    "confusion_matrix": [
        [
            1779,
            25,
            53,
            43
        ],
        [
            11,
            1877,
            9,
            3
        ],
        [
            47,
            10,
            1693,
            150
        ],
        [
            41,
            7,
            104,
            1748
        ]
    ]
}