{
    "model": "roberta_base_pt",
    "evaluation_time": 405.619745016098,
    "accuracy": 0.28092105263157896,
    "f1_score": 0.18102503176275675,
    "precision": 0.16424984508787238,
    "recall": 0.28092105263157896,
    "confusion_matrix": [
        [
            0,
            314,
            1586,
            0
        ],
        [
            0,
            540,
            1360,
            0
        ],
        [
            0,
            305,
            1595,
            0
        ],
        [
            0,
            184,
            1716,
            0
        ]
    ]
}