{"model": "DistilBERT", "task": "B2_v2", "evaluation_time": 214.67295575141907, "accuracy": 0.9396052631578947, "f1_score": 0.9397913556935328, "precision": 0.9409751645812247, "recall": 0.9396052631578947, "confusion_matrix": [[1763, 12, 63, 62], [10, 1867, 15, 8], [28, 4, 1700, 168], [15, 7, 67, 1811]]}