model,task,evaluation_time,accuracy,f1_score,precision,recall
NaiveBayes,A0,0.0,0.9018421052631579,0.9015396110113952,0.9015894690658142,0.901842105263158
DistilBERT,B2_v2,214.67295575141907,0.9396052631578947,0.9397913556935328,0.9409751645812247,0.9396052631578947
RoBERTa,F3_v1,445.6265695095062,0.9426315789473684,0.9425442052470933,0.9427043955463675,0.9426315789473685
