{"model": "RoBERTa", "task": "F3_v1", "evaluation_time": 445.6265695095062, "accuracy": 0.9426315789473684, "f1_score": 0.9425442052470933, "precision": 0.9427043955463675, "recall": 0.9426315789473685, "confusion_matrix": [[1807, 16, 42, 35], [10, 1878, 10, 2], [49, 7, 1702, 142], [35, 9, 79, 1777]]}